,frequency_hz,drape_absorption_coeff,lost_absorption_units,panel_absorption_coeff,equivalent_panels_needed,priority
125,125,0.15,1.7999999999999998,0.45,5.405405405405404,medium
250,250,0.3,3.5999999999999996,0.75,6.486486486486487,medium
500,500,0.55,6.6000000000000005,0.95,9.38833570412518,medium
1000,1000,0.75,9.0,1.05,11.583011583011583,high
2000,2000,0.8,9.600000000000001,1.1,11.793611793611795,high
4000,4000,0.7,8.399999999999999,1.05,10.810810810810809,medium
8000,8000,0.6,7.199999999999999,0.9,10.810810810810809,medium
